<?xml version="1.0" encoding="UTF-8"?>
<project-private xmlns="http://www.netbeans.org/ns/project-private/1">
    <editor-bookmarks xmlns="http://www.netbeans.org/ns/editor-bookmarks/2" lastBookmarkId="0"/>
    <open-files xmlns="http://www.netbeans.org/ns/projectui-open-files/2">
        <group>
            <file>file:/home/lacomski/Documentos/Programação/2018/Programação%20Orientado%20a%20Objetos/ProjetoPOO/src/vo/AlunoVO.java</file>
            <file>file:/home/lacomski/Documentos/Programação/2018/Programação%20Orientado%20a%20Objetos/ProjetoPOO/src/dao/AlunoDAO.java</file>
        </group>
    </open-files>
</project-private>
